produto,marca,categoria,categoria_original,descricao,id,preco,url_produto,volume
Dupla Vitamina C,Sallve,Rosto,Loja Sallve,,00942479-b9a3-4524-b4ef-8698e483e1a8,"R$ 169,80",https://www.sallve.com.br/products/dupla-vitamina-c,
Dupla Renovação Dia e Noite,Sallve,Rosto,Loja Sallve,,9a285984-3e7f-4f2d-adaa-ceb6f103ce75,"R$ 189,90",https://www.sallve.com.br/products/dupla-renovacao-dia-e-noite,
Dupla Anti Cravo Dia e Noite,Sallve,Rosto,Loja Sallve,,313ec0b9-0df3-446f-8bba-6571ab1bfd09,"R$ 109,90",https://www.sallve.com.br/products/dupla-anti-cravo-dia-e-noite,
Limpador Enzimático em Pó,Sallve,Rosto,Loja Sallve,"limpador em pó que forma uma espuma cremosa para limpar e esfoliar a pele em um só passo, diariamente. renova a pele e reduz cravos em 7 dias",505fd878-3ef0-4c0e-bf75-3802af6f6586,"R$ 79,90",https://www.sallve.com.br/products/limpador-enzimatico-em-po,30g
Dupla Efeito Imediato,Sallve,Rosto,Loja Sallve,,a27c0ee8-6bde-4692-8268-054f3f603b88,"R$ 159,90",https://www.sallve.com.br/products/dupla-efeito-imediato,
Bastão Antiolheiras Antioxidante,Sallve,Rosto,Loja Sallve,"bastão para área dos olhos com vitamina C e cafeína, que desincha bolsas, suaviza olheiras de cansaço e proporciona efeito ""geladinho""",aed6483c-6862-41e4-93f0-1952df6319d0,"R$ 99,90",https://www.sallve.com.br/products/bastao-antioxidante-para-olhos,10g
Dupla Rotina Expressa,Sallve,Rosto,Loja Sallve,,113b7db2-13e0-4ead-bad8-10c116a1cb20,"R$ 179,90",https://www.sallve.com.br/products/dupla-rotina-expressa,
Dupla de Treino,Sallve,Rosto,Loja Sallve,,525134a9-9f53-4b51-b899-d829d7526676,"R$ 139,90",https://www.sallve.com.br/products/dupla-verao-na-bolsa,
Dupla Pele Mais Lisa,Sallve,Rosto,Loja Sallve,,d3a36ed3-85d6-458c-a718-bb1a0a81c8be,"R$ 179,90",https://www.sallve.com.br/products/dupla-pele-mais-lisa,
Dupla Acorda e Vai,Sallve,Rosto,Loja Sallve,,7d43ac1f-9497-4acb-9e1c-af06372e2ec2,"R$ 165,90",https://www.sallve.com.br/products/dupla-acorda-e-vai,
Dupla de Treino - com cor,Sallve,Rosto,Loja Sallve,,8ff68802-42aa-4631-9ed6-e8c059b9c1bc,"R$ 169,90",https://www.sallve.com.br/products/dupla-verao-na-bolsa-com-cor,
Creme Retexturizador Noturno,Sallve,Rosto,Loja Sallve,"creme noturno para uma renovação poderosa da pele, com retinol e ácido glicólico, sem irritar até as peles mais sensíveis. uniformiza texturas irregulares, reduz linhas de expressão, poros dilatados e marcas de acne, além de trazer viço, hidratação e maciez sem igual.",a0b98766-0772-4326-b238-f5c66b908c5e,"R$ 129,90",https://www.sallve.com.br/products/creme-retexturizador-noturno,30g
Protetor Solar Bastão FPS 60 Muito Resistente,Sallve,Rosto,Loja Sallve,"protetor solar facial muito resistente à água e ao suor, ideal para uso diário e para a prática de esportes. seu formato em bastão facilita a aplicação.",cdfaebde-b78b-4953-9d18-13739b99ae14,"R$ 84,90",https://www.sallve.com.br/products/protetor-solar-bastao-fps60-muito-resistente,15g
Dupla Proteção - com e sem cor,Sallve,Rosto,Loja Sallve,,f180505c-8d75-49d2-9755-6b983d2bf427,"R$ 169,90",https://www.sallve.com.br/products/dupla-protecao-com-e-sem-cor,
Dupla Renovação e Proteção,Sallve,Rosto,Loja Sallve,,b6fdea63-627f-441e-bf60-a229831ea473,"R$ 199,90",https://www.sallve.com.br/products/dupla-renovacao-e-protecao,
Dupla Rotina Noturna,Sallve,Rosto,Loja Sallve,,04b882bb-a7dd-4e41-9369-fd54818ad841,"R$ 199,90",https://www.sallve.com.br/products/dupla-rotina-noturna,
Protetor Solar Bastão com Cor Antimanchas FPS 90,Sallve,Rosto,Loja Sallve,"protetor solar com cor em bastão, que potencializa o tratamento contra manchas solares, protegendo contra radiação UVA/UVB e luz visível. prático e disponível em 8 cores, tem cobertura média construível.",d3094fd7-2b46-4472-976c-2059594eb4f0,"R$ 99,90",https://www.sallve.com.br/products/protetor-solar-bastao-com-cor-antimanchas-fps-90,15g
Dupla Renovação e Proteção - com Cor,Sallve,Rosto,Loja Sallve,,a481abbe-2011-421c-9dee-31b540e77e28,"R$ 219,90",https://www.sallve.com.br/products/dupla-renovacao-e-protecao-com-cor,
Kit Anticravo Gentil,Sallve,Rosto,Loja Sallve,,1ab79e0b-ad5a-477b-bdba-46c8f27bb1e8,"R$ 99,90",https://www.sallve.com.br/products/kit-anticravo-gentil,
Dupla Niacinamida,Sallve,Rosto,Loja Sallve,,d0136aa7-af23-4cb4-b086-31a9d77feaac,"R$ 179,90",https://www.sallve.com.br/products/dupla-niacinamida,
Dupla Colágeno e Niacinamida 20%,Sallve,Rosto,Loja Sallve,,5e252ad5-174b-49de-a76f-0b2884ec3059,"R$ 179,90",https://www.sallve.com.br/products/dupla-colageno-e-niacinamida-20,
Dupla Retinol Dia e Noite,Sallve,Rosto,Loja Sallve,,0c44a167-1ded-4a82-8855-f10555380bd9,"R$ 128,90",https://www.sallve.com.br/products/retinol-puro-retinol-biomimetico,
Dupla Colágeno e Vitamina C,Sallve,Rosto,Loja Sallve,,4f0fe43c-ebb8-44fa-86b6-adeb703e43b3,"R$ 179,90",https://www.sallve.com.br/products/dupla-colageno-e-vitamina-c,
Dupla Colágeno e Vitamina C 20%,Sallve,Rosto,Loja Sallve,,90f4152d-1564-4b1f-b29c-5db5fd2f6a61,"R$ 225,90",https://www.sallve.com.br/products/dupla-colageno-e-vitamina-c-20,
"Dupla Colágeno e Retinol Puro 0,3%",Sallve,Rosto,Loja Sallve,,4c650595-c2e9-45cd-a6cc-2c81c4f0b82a,"R$ 179,90",https://www.sallve.com.br/products/dupla-colageno-e-retinol-puro-0-3,
Super Pró-Colágeno 10%,Sallve,Rosto,Loja Sallve,"sérum com 10% de peptídeos que atuam na síntese de colágeno para uma pele mais firme, com mais volume e contornos mais definidos.",feff32e2-f898-43d5-9181-33ed2c37fad8,"R$ 99,90",https://www.sallve.com.br/products/super-pro-colageno-10,30ml
Dupla Tratamento Área dos Olhos,Sallve,Rosto,Loja Sallve,,78cbb9a6-89d2-4191-8617-a384440e18f1,"R$ 179,90",https://www.sallve.com.br/products/dupla-tratamento-area-dos-olhos,
Dupla Proteção Resistente,Sallve,Rosto,Loja Sallve,,83502cbd-d757-45ee-961a-850056751c9b,"R$ 149,90",https://www.sallve.com.br/products/dupla-protecao-resistente,
Dupla Olhar Renovado,Sallve,Rosto,Loja Sallve,,802bb08e-c093-4d1b-b97e-e98666717e22,"R$ 160,90",https://www.sallve.com.br/products/dupla-olhar-renovado,
"Dupla Limpa, Acorda e Revigora",Sallve,Rosto,Loja Sallve,,c0526e09-a0a6-4f02-b872-b8752d2a609a,"R$ 169,90",https://www.sallve.com.br/products/dupla-limpa-acorda-e-revigora,
Dupla Vitamina C - Pele Sensível,Sallve,Rosto,Loja Sallve,,14aca8b1-375c-42cf-8b57-203cf7a407a0,"R$ 119,90",https://www.sallve.com.br/products/dupla-vitamina-c-pele-sensivel,
dupla antioleosidade dia e noite,Sallve,Rosto,Loja Sallve,,42eef8fe-c8cc-4629-8db1-df58e3bdac6e,"R$ 119,80",https://www.sallve.com.br/products/dupla-antioleosidade-dia-e-noite,
Kit Antioleosidade,Sallve,Rosto,Loja Sallve,,0ce7874d-07b3-46db-8e1f-5c0845ea0a0e,"R$ 199,90",https://www.sallve.com.br/products/kit-antioleosidade,
Hidratante Antioleosidade,Sallve,Rosto,Loja Sallve,"hidratante em textura aquagel para pele mistas e oleosas, com acabamento mate e controle de oleosidade por até 8h. a longo prazo, reduz cravos e a aparência de poros dilatados.",f17c9670-6222-4b52-84a1-67c32092d599,"R$ 74,90",https://www.sallve.com.br/products/hidratante-antioleosidade,40g
Protetor Solar FPS 60,Sallve,Rosto,Loja Sallve,"protetor solar facial com acabamento invisível e hidratante. além da radiação UV, protege contra danos da luz azul, poluição e infravermelho.",0dec2041-e89a-4c21-b81d-218ddbbbd7aa,"R$ 34,90",https://www.sallve.com.br/products/protetor-solar-fps60,40g
Sérum Antissinais Retinol Puro 0.3%,Sallve,Rosto,Loja Sallve,"sérum antissinais com Retinol puro 0,3%, Ácido Hialurônico e Peptídeo de Cobre. promove renovação celular potente, estimula o colágeno da pele, reduz rugas e linhas de expressão, diminui poros e uniformiza a pele.",ab3dd057-0359-4c16-a10f-9e2be5d1e77d,"R$ 99,90",https://www.sallve.com.br/products/retinol-serum-antissinais,30g
dupla cuidado diário - pele oleosa,Sallve,Rosto,Loja Sallve,,7e172276-753d-4b27-b8b4-48f9595a812c,"R$ 146,90",https://www.sallve.com.br/products/dupla-cuidado-diario-pele-oleosa,
Sérum para Cílios,Sallve,Rosto,Loja Sallve,"sérum que aumenta o volume, a largura e o comprimento dos cílios e sobrancelhas, com resultados comprovados associando baicalina, peptídeo fortalecedor e pantenol.",3be36a94-e66f-47f1-9eff-d0b6f639f9d5,"R$ 79,90",https://www.sallve.com.br/products/serum-para-cilios,3g
Kit Antissinais Completão,Sallve,Rosto,Loja Sallve,,c811c1b8-5294-43e6-924d-22abe4b6c94e,"R$ 269,90",https://www.sallve.com.br/products/kit-antissinais-completao,
Kit Antissinais Basicão,Sallve,Rosto,Loja Sallve,,e41980dd-8a22-4d90-8472-3e96beaaa28a,"R$ 199,90",https://www.sallve.com.br/products/kit-antissinais-basicao,
Sérum Uniformizador,Sallve,Rosto,Loja Sallve,"sérum uniformizador é o tratamento eficaz para hiperpigmentação, olheiras e linhas finas. testado em pele sensível, sua fórmula conta com retinol biomimético e niacinamida 5%.",b2d8b7c9-db7c-450b-8c8d-a8475ca74d71,"R$ 79,90",https://www.sallve.com.br/products/serum-uniformizador,35g
Dupla Antiolheiras e Antiatrito,Sallve,Rosto,Loja Sallve,,acef8814-ba44-47a0-b8ba-764328b4dfe4,"R$ 169,90",https://www.sallve.com.br/products/dupla-antiolheiras-e-antiatrito,
Trio Livre de Acne,Sallve,Rosto,Loja Sallve,,e1be4b71-8cf6-4dba-961d-abcc559162d7,"R$ 219,90",https://www.sallve.com.br/products/trio-livre-de-acne,
Dupla Super Antiacne,Sallve,Rosto,Loja Sallve,,ba4691e9-3bad-4172-b90a-c0efa79088f6,"R$ 89,80",https://www.sallve.com.br/products/dupla-super-antiacne,
Dupla Antiacne Rosto e Corpo,Sallve,Rosto,Loja Sallve,,23eb1c29-61a9-48d3-9f9c-9f9b6b74e709,"R$ 129,80",https://www.sallve.com.br/products/dupla-antiacne-rosto-e-corpo,
Dupla Antimarcas - Dia,Sallve,Rosto,Loja Sallve,,78211bd4-ff85-400a-a005-5819b595362e,"R$ 159,90",https://www.sallve.com.br/products/dupla-antimarcas-dia,
Sérum Antiacne,Sallve,Rosto,Loja Sallve,"sérum antiacne com 2% de Ácido Salicílico, Niacinamida e Melaleuca. trata e previne acne, seca espinhas em 24h, controla oleosidade da pele e minimiza os poros.",aef3f3bb-9360-44a9-8069-19de3dc294cc,"R$ 79,90",https://www.sallve.com.br/products/serum-antiacne,35g
Super Niacinamida 20%,Sallve,Rosto,Loja Sallve,"concentrado com ativos uniformizadores em alta concentração, que reduzem o tamanho, a intensidade e a quantidade de marcas na pele, além de prevenir novas hiperpigmentações.",34b83aa3-0155-4285-9f77-cd08adefc026,"R$ 89,90",https://www.sallve.com.br/products/super-niacinamida-20,30ml
Dupla anti cravo,Sallve,Rosto,Loja Sallve,,1692731e-b8e5-4974-af93-82bc194dec3d,"R$ 139,90",https://www.sallve.com.br/products/dupla-anti-cravo,
Esfoliante enzimático,Sallve,Rosto,Loja Sallve,"esfoliante facial com 3 tipos de esfoliação, incluindo enzimas de romã e partículas de bambu. remove cravos e células mortas, deixando a pele renovada e radiante desde o primeiro uso e sem agredir a pele.",a333fb2e-0c99-4564-b6b9-a185d2324c0e,"R$ 74,90",https://www.sallve.com.br/products/esfoliante-enzimatico,70g
Dupla Pele Mais Lisa - Pele Sensível,Sallve,Rosto,Loja Sallve,,dad45bde-3d7a-41d1-8233-dc2b0f902023,"R$ 169,90",https://www.sallve.com.br/products/dupla-pele-mais-lisa-pele-sensivel,
Dupla Redução de Marcas,Sallve,Rosto,Loja Sallve,,ed88a671-2939-4c56-bbdd-7c0b1da9a90f,"R$ 149,90",https://www.sallve.com.br/products/dupla-reducao-de-marcas,
Limpador Facial,Sallve,Rosto,Loja Sallve,"gel de limpeza que remove maquiagem leve e limpa profundamente sem repuxar. com niacinamida, extrato de moringa e livre de sulfatos",20c7d78b-8747-47f5-b25c-51369662c628,"R$ 79,90",https://www.sallve.com.br/products/limpador-facial,300ml
Limpador Antiacne,Sallve,Rosto,Loja Sallve,"limpador antiacne promove uma limpeza profunda, sem ressecar e sem sulfatos. com Ácido Salicílico, Melaleuca, Niacinamida que contribuem para prevenção de cravos e espinhas.",88ed0b48-da23-4a28-af07-cc3f11a4e64d,"R$ 79,90",https://www.sallve.com.br/products/limpador-antiacne,300ml
Dupla Esfoliante,Sallve,Rosto,Loja Sallve,,bf16686e-7cea-4008-a600-022912737f91,"R$ 129,80",https://www.sallve.com.br/products/dupla-esfoliante,
Hidratante Facial,Sallve,Rosto,Loja Sallve,"um gel-creme hidratante de rápida absorção ideal para peles normais e mistas. reduz aparência de poros, acalma e deixa a pele viçosa e macia.",b66a9e21-5f7a-4b98-860e-137f7a4fd02b,"R$ 69,90",https://www.sallve.com.br/products/hidratante-facial,40g
Spray Antiacne Corporal,Sallve,Rosto,Loja Sallve,,7d747825-9b44-44c9-969e-99907616c11f,"R$ 79,90",https://www.sallve.com.br/products/spray-corporal-antiacne,120ml
Limpador Antioleosidade,Sallve,Rosto,Loja Sallve,"limpador facial com ácido glicólico e niacinamida, formulado para peles mistas e oleosas. limpa profundamente, reduz a oleosidade excessiva, desobstrui poros e deixa sensação imediata de frescor",13903d5a-fa4e-4652-86ba-049077ed09c9,"R$ 79,90",https://www.sallve.com.br/products/limpador-antioleosidade,300ml
Dupla Cuidado Diário,Sallve,Rosto,Loja Sallve,,cdef3e88-c0f6-4e41-9914-ee9f92978932,"R$ 159,90",https://www.sallve.com.br/products/dupla-cuidado-diario,
Bastão Antiatrito,Sallve,Rosto,Loja Sallve,"sua proteção diária contra assaduras, agora em formato bastão. uma fórmula leve e hidratante, que previne assaduras, acalma e recupera a pele já sensibilizada, trazendo mais conforto e movimento para o dia a dia.",27be33b9-6e6a-40ed-a9f5-ccae9a9e87be,"R$ 79,90",https://www.sallve.com.br/products/bastao-antiatrito,15g
Dupla Cuidado Diário - Pele Sensível,Sallve,Rosto,Loja Sallve,,74d37b23-fc3e-4d6d-9da9-7f8b834783e5,"R$ 99,90",https://www.sallve.com.br/products/dupla-cuidado-diario-pele-sensivel,
Tônico Antiqueda Capilar,Sallve,Rosto,Loja Sallve,"tônico antiqueda capilar com rápida absorção, sem pesar o couro cabeludo. possui baicalina e alcaçuz para fios mais fortes, biotina e pantenol para auxiliar na hidratação.",ebd569b7-fe84-493d-aa13-dfc68ef7ebe4,"R$ 59,90",https://www.sallve.com.br/products/tonico-antiqueda,120ml
Hidratante Reparador Labial,Sallve,Rosto,Loja Sallve,"fórmula poderosa em bastão, que combina ativos reparadores e hidratantes para lábios mais macios, hidratados e livres de descamação e rachaduras.",1a28c6c8-b97d-4034-bc44-a524281b4df8,"R$ 49,90",https://www.sallve.com.br/products/hidratante-reparador-labial,6g
ALFA-ARBUTIN,Principia,Clarear manchas escuras,Clarear manchas escuras,"Sérum com 2% de alfa-arbutin e 10% de gluconolactona com alta eficácia na redução de manchas escuras, suavização das rugas, melhora do viço e aumento da hidratação da pele.",5f843479-64f5-40d0-89f6-e70a7a6f76ed,"R$  59,00",https://www.principiaskin.com/produtos/produtos-individuais/serum-alfa-arbutin-gluconolactone.html,
RETINOL,Principia,Suavizar rugas e linhas finas,Suavizar rugas e linhas finas,"Sérum com 0,3% de Retinol e 0,5% de Vitamina E com alta eficácia na melhora de rugas, linhas finas, firmeza e viço.",32d8be39-fee0-45ac-9eb1-e42836b4de06,"R$  59,00",https://www.principiaskin.com/produtos/produtos-individuais/serum-anti-idade-retinol-0-3.html,
ÓLEO DE LIMPEZA OL-01,Principia,Limpeza,Remover impurezas,"Óleo de limpeza demaquilante com 30% de óleo de girassol, 15% mix de tensoativos e 1% vitamina E, com alta eficácia na remoção de maquiagem, inclusive resistente a água, resíduos de protetor solar e impurezas da pele.",99877e9a-7b92-4018-ab95-705a93f606fc,"R$  59,00",https://www.principiaskin.com/produtos/produtos-individuais/oleo-de-limpeza-demaquilante-ol-01-girassol-vitamina-e.html,
ÁCIDOS HIALURÔNICOS,Principia,Melhorar o viço,Melhorar o viço,"Sérum com 2% de complexo com 4 tipos de ácidos hialurônicos e 1% de vit. B5 para uma pele com maior hidratação, firmeza e viço.",e77ac167-aa86-4291-9e57-8c5057a1f357,"R$  54,00",https://www.principiaskin.com/produtos/produtos-individuais/serum-hidratante-2-acido-hialuronico-1-vitamina-b5.html,
ÁCIDO LÁTICO + KÓJICO,Principia,Proporcionar maciez,Proporcionar maciez,Sérum com 10% de Ácido Lático e 5% de Ácido Kójico com alta eficácia no clareamento de manchas escuras e na uniformização da tonalidade e textura da pele.,05969119-becc-4526-8a87-899ede32d347,"R$  54,00",https://www.principiaskin.com/produtos/produtos-individuais/serum-al-10-acido-latico-acido-kojico.html,
ÁCIDO LÁTICO - TÔNICO,Principia,Limpeza,Remover impurezas,"Tônico com 7% de Ácido Lático e 1% de Ácido Salicílico com alta eficácia contra acnes, oleosidade e textura irregular da pele.",a631be34-e311-48cb-a48c-4b6713ed863e,"R$  49,00",https://www.principiaskin.com/produtos/produtos-individuais/tonico-al-7-acido-latico-acido-salicilico.html,
GEL DE LIMPEZA GL-01 350G,Principia,Reduzir tamanho dos poros,Reduzir tamanho dos poros,"Gel de limpeza com 2% de ácido salicílico e 5% de glicerina, com alta eficácia na melhora da oleosidade, maciez e viço da pele.",a887f8ad-8903-406b-a2ca-09cb693c31d0,"R$  49,00",https://www.principiaskin.com/produtos/produtos-individuais/gel-de-limpeza-acido-salicilico-glicerina-gl-01.html,350g
GEL DE LIMPEZA GL-02 350G,Principia,Reduzir tamanho dos poros,Reduzir tamanho dos poros,"Gel de limpeza com 11,5% de mix de tensoativos, 10% de glicerina e 1% de PCA sódio, com alta eficácia na melhora da oleosidade, poros dilatados e viço da pele. Indicado para peles sensíveis.",77c0ad2a-aa7e-49a8-adab-42271a4273b4,"R$  49,00",https://www.principiaskin.com/produtos/produtos-individuais/gel-de-limpeza-glicerina-pca-sodio-pele-senivel-gl-02.html,350g
CONDICIONADOR ANTIQUEDA AQ-01,Principia,Estimular o crescimento,Estimular o crescimento,"Condicionador antiqueda com 8% de Mix de Condicionantes e Emolientes + 2% Glicerina + 1% D-Pantenol + 0,5% Keratinas e alta eficácia na redução da quebra, estimulo do crescimento e aumento da resistência e volume dos cabelos.",eb54e7f7-8815-4922-99d1-3a91ce73e141,"R$  49,00",https://www.principiaskin.com/produtos/produtos-individuais/condicionador-antiqueda-keratinas-glicerina-d-pantenol-aq-01.html,
SHAMPOO ANTIQUEDA AQ-01,Principia,Estimular o crescimento,Estimular o crescimento,"Shampoo antiqueda com 11% de Mix de Tensoativos + 2,5% de Mix de Condicionantes e Umectantes + 2% Niacinamida + 1% Cafeína e alta eficácia na redução da quebra, estimulo do crescimento e aumento da resistência e volume dos cabelos.",64eb1c43-5b4f-4226-89a1-130683a772bc,"R$  44,00",https://www.principiaskin.com/produtos/produtos-individuais/shampoo-antiqueda-niacinamida-cafeina-keratinas-aq-01.html,
PEPTÍDEOS MATRIXYL,Principia,Melhorar o viço,Melhorar o viço,"Sérum com 10% de complexo de peptídeos Matrixyl indicado contra rugas, linhas finas, olheiras, bolsas e perda de elasticidade da pele.",74ad3a05-16f0-445f-a76a-f95d0d36d245,"R$  79,00",https://www.principiaskin.com/produtos/produtos-individuais/serum-antissinais-10-peptideos-matryxil.html,
MIX-02,Principia,Clarear manchas escuras,Clarear manchas escuras,"Sérum com 5% de Cafeína, 3% de Ácido Tranexâmico e 0,5% de Ácido Ferúlico com alta eficácia contra olheiras, bolsas e manchas.",7739acba-02cd-4249-bad3-4b6552612335,"R$  69,00",https://www.principiaskin.com/produtos/produtos-individuais/serum-mix-02-cafeina-acido-tranexamico-acido-ferulico.html,
SÉRUM CAPILAR SC-01,Principia,Estimular o crescimento,Estimular o crescimento,Sérum Capilar com 3% de Baicapil + 3% de Cafeína e 2% de Beauplex com alta eficácia na redução da queda e no crescimento do cabelo.,eaef186d-9626-444e-b820-0de0eec791d6,"R$  69,00",https://www.principiaskin.com/produtos/produtos-individuais/serum-capilar-baicapil-cafeina-beauplex-sc-01.html,
MIX-01,Principia,Proporcionar maciez,Proporcionar maciez,"Sérum com mix de 4 ativos: 5% de niacinamida, 4% de ácido glicólico, 3% de ácido tranexâmico e 2% de ácido salicílico.",2f987349-a8a1-4703-9570-a3cd898aac72,"R$  64,00",https://www.principiaskin.com/produtos/produtos-individuais/serum-mix-01-niacinamida-acido-glicolico-tranexamico-salicilico.html,
VITAMINA C-10,Principia,Reduzir e uniformizar a pigmentação,Reduzir e uniformizar a pigmentação,"Sérum com 10% de Vitamina C e 0,5% de Ácido Ferúlico com alta eficácia contra linhas finas, textura irregular e hiperpigmentação.",c83a2d05-42f1-426d-9ec2-9ca7899deddd,"R$  64,00",https://www.principiaskin.com/produtos/produtos-individuais/serum-vc-10-vitamina-c-acido-ferulico.html,
VITAMINA C-95,Principia,Reduzir e uniformizar a pigmentação,Reduzir e uniformizar a pigmentação,"Pó com 95% de Vitamina C Pura e 5% de Ácido Ferúlico com alta eficácia contra linhas, rugas, oleosidade e hiperpigmentação.",d54780bd-23de-4eb8-bc1e-441a0c587cc2,"R$  64,00",https://www.principiaskin.com/produtos/produtos-individuais/po-vc-95-vitamina-c-pura-acido-ferulico.html,
SHAMPOO ANTICASPA AC-01,Principia,Reduzir a caspa,Reduzir a caspa,"Shampoo anticaspa intensivo com 13% de Mix de Tensoativos + 2% de Ácido Salicílico + 1% Piroctona Olamina + 1% PCA Zinco, com alta eficácia na redução da caspa persistente, oleosidade e coceira do couro cabeludo.",4d503ffc-ad82-4f19-817d-6d2a0da14b8f,"R$  64,00",https://www.principiaskin.com/produtos/produtos-individuais/shampoo-anticaspa-acido-salicilico-piroctona-olamina-pca-zinco-ac-01.html,
ÁCIDO GLICÓLICO,Principia,Proporcionar maciez,Proporcionar maciez,"Sérum com 9,8% de ácido glicólico e 4% de composição de aminoácidos para melhora visível das linhas finas e de expressão, acne, tonalidade e textura irregular da pele.",ff4cfbc2-aba5-4780-9a23-e49025834958,"R$  59,00",https://www.principiaskin.com/produtos/produtos-individuais/serum-renovador-10-acido-glicolico-4-aminoacidos-prodew-600.html,
NIACINAMIDA,Principia,Clarear manchas escuras,Clarear manchas escuras,"Sérum com 10% de Niacinamida e 1% de Zinco PCA com alta eficácia contra acnes, cravos, manchas, oleosidade e poros dilatados.",d14cdd08-c4e2-494e-903a-f5a551bda13f,"R$  59,00",https://www.principiaskin.com/produtos/produtos-individuais/serum-anti-idade-nc-10-niacinamida-zinco-pca.html,
ÁCIDO MANDÉLICO,Principia,Clarear manchas escuras,Clarear manchas escuras,,f58c5685-3b0f-48a5-b6ca-a34fe54c4f0c,"R$  59,00",https://www.principiaskin.com/produtos/produtos-individuais/serum-am-10-acido-mandelico-alfa-arbutin-am-10.html,
KIT ANTIQUEDA TRIO,Principia,Estimular o crescimento,Estimular o crescimento,"Kit com shampoo, condicionador e sérum antiqueda com alta eficácia na redução da quebra, estimulo do crescimento e aumento da resistência e volume dos cabelos.",9c828042-3c82-4c8b-8506-a6e6bb86cffe,"R$  162,00",https://www.principiaskin.com/produtos/produtos-individuais/kit-antiqueda-trio-aq-01-shampoo-condicionador-niacinamida-cafeina-keratinas-glicerina-d-pantenol-tensoativos-sc-01-baicapil-cafeina-beauplex.html,
GR-2 GRANACTIVE RETINÓIDE,Principia,Aumentar a firmeza e elasticidade,Aumentar a firmeza e elasticidade,"Emulsão com 2% de Granactive Retinóide com alta eficácia para melhora de rugas, linhas finas, olheiras, bolsas, viço e firmeza, e menor potencial de irritar a pele.",a6b87aa7-931a-4299-afee-e7e3889bddf3,"R$  89,00",https://www.principiaskin.com/produtos/produtos-individuais/serum-anti-idade-2-granactive-retinoide.html,
KIT SHAMPOO E CONDICIONADOR ANTIQUEDA AQ-01,Principia,Reduzir a queda,Reduzir a queda,"Kit com shampoo e condicionador antiqueda com alta eficácia na redução da quebra, estimulo do crescimento e aumento da resistência e volume dos cabelos.",9e2da0d6-af5f-47cc-836e-bbd34e8ea95a,"R$  93,00",https://www.principiaskin.com/produtos/produtos-individuais/kit-shampoo-e-condicionador-antiqueda-aq-01-niacinamida-cafeina-keratinas-glicerina-d-pantenol-tensoativos.html,
Dupla Colágeno e Vitamina C - Pele Sensível,Sallve,Rosto,Loja Sallve,,a20e7523-6a66-4e1e-be2f-5a42675a5480,"R$ 139,90",https://www.sallve.com.br/products/dupla-colageno-e-vitamina-c-pele-sensivel,
Vitamina C Antioxidante Hidratante,Sallve,Rosto,Loja Sallve,"sérum-gel antioxidante com nano vitamina C 10% para uma pele radiante. controla a oleosidade da pele, previne linhas de expressão e manchas e diminui o inchaço de olheiras de cansaço.",4678282d-ce80-4b33-98a5-f316084c709e,"R$ 99,90",https://www.sallve.com.br/products/vitamina-c-antioxidante-hidratante,35g
vitamina c + ácido hialurônico + retinol puro,Sallve,Rosto,Loja Sallve,,5f49a168-20e5-41f2-be5e-910d875133be,"R$ 159,90",https://www.sallve.com.br/products/vitamina-c-acido-hialuronico-retinol,
Vitamina C Antioxidante Hidratante Pele Sensível,Sallve,Rosto,Loja Sallve,"sérum com nano vitamina C 10% testado em peles sensíveis, suaviza linhas finas, hidrata intensivamente, devolve viço e luminosidade à pele.",e15f4ccf-9f0e-47c4-a021-21f19a60ed4d,"R$ 79,90",https://www.sallve.com.br/products/vitamina-c-antioxidante-hidratante-pele-sensivel,35g
Hidratante Reparador,Sallve,Rosto,Loja Sallve,"hidratante reparador em creme com Ceramidas, Pantenol e Manteiga de Karité. nutre, repara, acalma e hidrata até as peles mais sensíveis, sensibilizadas e ressecadas. ideal para cicatrizar e hidratar tatuagem.",295aaf2c-ea74-441e-a0d7-b1f5344e427c,"R$ 74,90",https://www.sallve.com.br/products/hidratante-reparador,40g
Kit Tudinho,Sallve,Rosto,Loja Sallve,,f6ea0218-e480-4cdb-a24b-9066ec36d44b,"R$ 179,90",https://www.sallve.com.br/products/kit-tudinho,
"Dupla Adeus, Assaduras",Sallve,Rosto,Loja Sallve,,d3031d71-75b2-4166-9df2-de2472a32c2f,"R$ 146,90",https://www.sallve.com.br/products/dupla-adeus-assaduras,
Protetor Solar Corporal FPS 50,Sallve,Rosto,Loja Sallve,"protetor solar corporal FPS 50 com textura leve sem ficar pegajoso na pele. com manteiga de karité e óleo de semente de uva. não deixa resíduos brancos na pele e é resistente à água, suor e areia.",592d3aa2-851b-43e8-bba6-ac30b2cd5727,"R$ 89,90",https://www.sallve.com.br/products/protetor-solar-corporal-fps50,200g
Hidratante Renovador Corporal,Sallve,Rosto,Loja Sallve,"hidratante corporal de absorção rápida com 10% de AHAs que promove uma renovação na pele do corpo para suavizar marcas nas axilas, bolinhas ásperas e reduzir pelos encravados.",d241a613-21f6-46e6-91cd-ae30aa7a6688,"R$ 89,90",https://www.sallve.com.br/products/hidratante-renovador-corporal,180g
Dupla Cuidado Corporal,Sallve,Rosto,Loja Sallve,,c11a12b7-7bbc-44b5-b18e-6f62b4326051,"R$ 159,90",https://www.sallve.com.br/products/dupla-cuidado-corporal,
Dupla Livre de Pelos Encravados,Sallve,Rosto,Loja Sallve,,1a178a25-4967-4c50-ae1c-980fbdca0496,"R$ 159,90",https://www.sallve.com.br/products/dupla-livre-de-pelos-encravados,
Kit Basicão,Sallve,Rosto,Loja Sallve,,4b2e215b-2747-4a8e-9eb2-c64c8fc57215,"R$ 190,90",https://www.sallve.com.br/products/kit-basicao,
Dupla Acorda e Vai - toque seco,Sallve,Rosto,Loja Sallve,,d0a0ebaa-b44c-4c04-8f37-3ba3c79165e0,"R$ 159,90",https://www.sallve.com.br/products/dupla-acorda-e-vai-toque-seco,
vitamina c + ácido salicílico,Sallve,Rosto,Loja Sallve,,1425213c-8e75-430b-ad6b-e948c7013688,"R$ 151,90",https://www.sallve.com.br/products/vitamina-c-acido-salicilico,
Spray Reparador Calmante,Sallve,Rosto,Loja Sallve,"spray reparador calmante para peles sensíveis. reduz vermelhidão, hidrata profundamente com pantenol e bisabolol. eficácia comprovada em 30 minutos.",1b04ed63-2e22-4ae9-a3e6-e0239d6baff0,"R$ 79,90",https://www.sallve.com.br/products/spray-reparador-calmante,120ml
Tônico Renovador,Sallve,Rosto,Loja Sallve,"tônico renovador com 7% de AHAs (4% de Glicólico, 2% de Málico e 1% de Lático) para uma esfoliação química que uniformiza tom e textura da pele, controla oleosidade e minimiza poros.",94e86f1e-e9f1-4cc8-8613-c7f78eb124bc,"R$ 74,90",https://www.sallve.com.br/products/tonico-renovador,120ml
Kit Basicão Antiacne,Sallve,Rosto,Loja Sallve,,377e845f-9763-435d-b296-6535686ee8e0,"R$ 169,90",https://www.sallve.com.br/products/kit-basicao-linha-antiacne,
Super Vitamina C 20%,Sallve,Rosto,Loja Sallve,"poderoso sérum concentrado antioxidante que previne e suaviza linhas finas, maximiza a radiância e luminosidade, além de hidratar a pele.",51f33a5b-cb8d-418f-8e75-302656d772ab,"R$ 109,90",https://www.sallve.com.br/products/super-vitamina-c-20,30ml
Ácido Hialurônico Hidratante Firmador,Sallve,Rosto,Loja Sallve,"hidratante facial em gel com textura leve e de rápida absorção, ideal para peles mistas e oleosas. contém Ácido hialurônico e fermentados vegetais na sua fórmula que controlam a oleosidade da pele.",9150a978-55ef-45d2-b9cf-a5442aa17451,"R$ 89,90",https://www.sallve.com.br/products/acido-hialuronico-hidratante-firmador,40g
Super Ácido Salicílico 2%,Sallve,Rosto,Loja Sallve,"sérum com máxima concentração de ácidos salicílico e mandélico para tratar e prevenir a acne, além de suavizar marcas de espinhas.",ca80e637-883a-4825-a9ed-879b6a2b688a,"R$ 89,90",https://www.sallve.com.br/products/super-acido-salicilico-2,30ml
Super Ácido Glicólico 10%,Sallve,Rosto,Loja Sallve,"sérum antioleosidade com ácido glicólico em máxima concentração, somado a ativos que reduzem poros, cravos e agem na causa raiz da oleosidade excessiva, sem efeito rebote",84963c96-29ab-4f2c-8511-2e47bcc61644,"R$ 99,90",https://www.sallve.com.br/products/super-acido-glicolico-10,30ml
Hidratante Antiatrito,Sallve,Rosto,Loja Sallve,"hidratante antiatrito é a proteção diária contra assaduras. fórmula em creme, leve e hidratante para mais conforto e movimento no seu dia a dia. ideal para pernas, dobras de pele, roupa e a pele, e outros.",4af23ba4-7921-4fa9-a9d8-d1f06b9d0677,"R$ 74,90",https://www.sallve.com.br/products/hidratante-antiatrito,75g
Protetor Solar com Cor Toque Seco FPS 60,Sallve,Rosto,Loja Sallve,"protetor solar facial FPS60 com cor. possui cobertura leve em 10 cores, toque seco e alta proteção UVA/UVB. uniformiza o tom da pele, é compatível com maquiagem, não esfarela, não escorre e não arde os olhos.",8515bb59-d0c3-46d7-8462-2ca34134f919,"R$ 69,90",https://www.sallve.com.br/products/protetor-solar-com-cor-fps-60,40g
Bastão Antioleosidade,Sallve,Rosto,Loja Sallve,"reduz imediatamente a oleosidade excessiva e a aparência de poros dilatados. proporciona uma pele matificada e livre de brilho, ao mesmo tempo que reduz progressivamente a produção de sebo para resultados expressivos no tratamento antioleosidade",ec2e7449-8aab-4c18-bfef-2473e97afece,"R$ 99,90",https://www.sallve.com.br/products/bastao-antioleosidade,15g
Dupla Seca e Não Resseca,Sallve,Rosto,Loja Sallve,,2bb17d57-fa9f-45fa-aeed-10c33e256101,"R$ 155,90",https://www.sallve.com.br/products/dupla-seca-e-nao-resseca,
Trio Bastão,Sallve,Rosto,Loja Sallve,,255ac11a-f6a3-411d-bfd6-4658f47deed7,"R$ 229,90",https://www.sallve.com.br/products/trio-bastao,
Óleo Antissinais,Sallve,Rosto,Loja Sallve,"óleo antissinais com Retinol puro 0,3% e Óleo de Rosa Mosqueta para renovação da pele. suaviza rugas e linhas finas de expressão, uniformiza o tom e estimula o colágeno da pele.",96e23727-39ef-41df-9c81-9b4f5e983222,"R$ 99,90",https://www.sallve.com.br/products/oleo-antissinais,30ml
Dupla Essencial,Sallve,Rosto,Loja Sallve,,19af2b55-5325-4fb5-bf10-1c6196382327,"R$ 139,90",https://www.sallve.com.br/products/dupla-essencial,
Hidratante Corporal Antioxidante,Sallve,Rosto,Loja Sallve,"hidratante corporal com Vitamina E, café e semente de uva. promove ação antioxidante e até 48 horas de hidratação sem ficar pegajoso.",0d4e746c-56d0-4f47-b992-7bc6f8009006,"R$ 74,90",https://www.sallve.com.br/products/hidratante-corporal-antioxidante,300g
Óleo Facial Antioxidante,Sallve,Rosto,Loja Sallve,"óleo facial antioxidante com Vitamina C, Astaxantina e Phytoesqualano. previne os sinais do tempo e o envelhecimento precoce, hidrata e deixa a pele viçosa.",5f104c75-eb4c-4b14-ab4f-241a6ad38a0d,"R$ 59,90",https://www.sallve.com.br/products/oleo-facial-antioxidante,30ml
Vitamina C FPS 30 Antioxidante Hidratante,Sallve,Rosto,Loja Sallve,"3 em 1: tratamento, hidratação e proteção solar, simplifica a rotina. com Vitamina C 10%, Niacinamida e FPS30, controla a oleosidade, uniformiza tom e textura da pele e protege o colágeno.",4b54e33a-0abe-4335-9e71-adabdcbff195,"R$ 109,90",https://www.sallve.com.br/products/vitamina-c-fps-30-antioxidante-hidratante,40g
Máscara Antirressaca,Sallve,Rosto,Loja Sallve,"para acordar a pele e amenizar os sinais de cansaço; reduzir o inchaço e bolsas nos olhos, amenizar até as olheiras de cansaço.",d7449bf0-8ce0-4a1c-b8bc-8412dc89d8e0,"R$ 69,90",https://www.sallve.com.br/products/mascara-antirressaca,30g
Óleo Corporal Antioxidante,Sallve,Rosto,Loja Sallve,"óleo corporal antioxidante para uma hidratação potente e prática. com Vitamina E, óleo de jojoba, café verde e semente de uva. para uma pele radiante e suave.",d60ac3cd-7d1d-455f-b243-dc356e33ffb4,"R$ 39,90",https://www.sallve.com.br/products/oleo-corporal-antioxidante,120ml
Protetor Solar Labial FPS 30,Sallve,Rosto,Loja Sallve,"hidratante labial FPS 30 UVA/UVB combina proteção solar, reparação dos lábios e protege a barreira protetora. hidratação duradoura com manteiga de karité, que deixa os lábios hidratados e macios.",3042e207-bb6a-4928-b18f-470584b016c7,"R$ 44,90",https://www.sallve.com.br/products/protetor-solar-labial-fps-30,5.7g
kit controle de poros,Sallve,Rosto,Loja Sallve,,0db66ea1-1a19-47c3-94bc-ea0672ad5f9d,"R$ 144,14",https://www.sallve.com.br/products/kit-controle-de-poros,
Dupla Vitamina C + Hialurônico + Retinol Biomimético,Sallve,Rosto,Loja Sallve,,f307fcdc-b5a9-463d-a07b-572efce99778,"R$ 158,90",https://www.sallve.com.br/products/dupla-vitamina-c-hialuronico-retinol-biomimetico,
Kit 2 unidades Refil Limpador Facial,Sallve,Rosto,Loja Sallve,,d12d449a-1810-48de-a637-081c199c1231,"R$ 113,80",https://www.sallve.com.br/products/kit-2-unidades-refil-limpador-facial,
Refil Limpador Antiacne,Sallve,Rosto,Loja Sallve,"limpador antiacne promove uma limpeza profunda, sem ressecar e sem sulfatos. com Ácido Salicílico, Melaleuca, Niacinamida que contribuem para prevenção de cravos e espinhas.",a9134d94-3523-478b-99a1-a26bd44dfccb,"R$ 59,90",https://www.sallve.com.br/products/refil-limpador-antiacne,240ml
Refil Limpador Antioleosidade,Sallve,Rosto,Loja Sallve,"limpador facial com ácido glicólico e niacinamida, formulado para peles mistas e oleosas. limpa profundamente, reduz a oleosidade excessiva, desobstrui poros e deixa sensação imediata de frescor",9321d4ad-56f2-44d0-b4d7-ff6cd3aa7658,"R$ 59,90",https://www.sallve.com.br/products/refil-limpador-antioleosidade,240ml
Dupla Antiolheiras e Antioleosidade,Sallve,Rosto,Loja Sallve,,367dfd51-e059-4832-8eb1-65216b9a6cbb,"R$ 188,90",https://www.sallve.com.br/products/dupla-antiolheiras-e-antioleosidade,
dupla rotina prática,Sallve,Rosto,Loja Sallve,,aa3b7470-17ce-44b0-ae33-242f5b93fc17,"R$ 159,90",https://www.sallve.com.br/products/dupla-rotina-pratica,
dupla super antioleosidade,Sallve,Rosto,Loja Sallve,,1f72208f-c925-44bc-8e2b-b495a94fc2f9,"R$ 164,90",https://www.sallve.com.br/products/dupla-super-antioleosidade,
dupla livre de oleosidade,Sallve,Rosto,Loja Sallve,,4d3ad4f0-222d-45f1-b771-3514939a1d11,"R$ 174,80",https://www.sallve.com.br/products/dupla-livre-de-oleosidade,
trio essencial - pele oleosa,Sallve,Rosto,Loja Sallve,,4d9ebc07-af48-475a-9bc6-70c0fda009ab,"R$ 229,90",https://www.sallve.com.br/products/trio-essencial-pele-oleosa,
kit rotina completa antioleosidade,Sallve,Rosto,Loja Sallve,,bac817c5-bf3e-43bf-b850-1dc649e10e8f,"R$ 279,90",https://www.sallve.com.br/products/kit-rotina-antioleosidade,
trio pele sequinha,Sallve,Rosto,Loja Sallve,,23b6526c-70d8-4233-b628-f351e6457b02,"R$ 209,90",https://www.sallve.com.br/products/trio-pele-sequinha,
Dupla Antioleosidade,Sallve,Rosto,Loja Sallve,,4b52dc5f-5f4d-4149-8724-3b1e22bbe229,"R$ 169,90",https://www.sallve.com.br/products/dupla-antioleosidade,
Dupla Antiatrito e Antioleosidade,Sallve,Rosto,Loja Sallve,,3661cf11-942a-4d5a-9eed-404bde439f27,"R$ 169,90",https://www.sallve.com.br/products/dupla-antiatrito-e-antioleosidade,
Dupla Antiacne e Antioleosidade,Sallve,Rosto,Loja Sallve,,d6291490-bc1c-479c-9a91-6a2bd164768b,"R$ 139,90",https://www.sallve.com.br/products/dupla-antiacne-e-antioleosidade,
Refil Limpador Facial,Sallve,Rosto,Loja Sallve,"gel de limpeza que remove maquiagem leve e limpa profundamente sem repuxar. com niacinamida, extrato de moringa e livre de sulfatos",356154ac-b952-4bbb-9ab1-57ecc5af72c9,"R$ 59,90",https://www.sallve.com.br/products/refil-limpador-facial,240ml
Tônico Antiacne,Sallve,Rosto,Loja Sallve,"tônico antiacne adstringente proporciona uma limpeza eficaz e controle de oleosidade. com melaleuca, centella e niacinamida.",12953321-fc26-4696-9bee-846d49cc083a,"R$ 69,90",https://www.sallve.com.br/products/tonico-antiacne,120ml
Protetor Solar Toque Seco FPS50,Sallve,Rosto,Loja Sallve,"protetor solar facial toque seco FPS50 e efeito mate. com Niacinamida que controla oleosidade ao longo do dia, reduz o brilho da pele sem ressecar e disfarça poros.",fa482b3d-ade5-4af7-9112-1e525267c735,"R$ 69,90",https://www.sallve.com.br/products/protetor-solar-toque-seco-fps50,40g
Esfoliante Hidratante Corporal,Sallve,Rosto,Loja Sallve,"esfoliante corporal que combina esfoliação química e física. promove renovação celular, uniformiza tom e textura da pele, desobstrui os poros e hidrata intensamente.",d2761ca9-9ef7-4aa3-b6c9-c037066f5991,"R$ 79,90",https://www.sallve.com.br/products/esfoliante-hidratante-corporal,150g
Dupla Novos Fios,Sallve,Rosto,Loja Sallve,,e5b1805d-436e-45f7-a8cb-f760ff8d0d46,"R$ 134,90",https://www.sallve.com.br/products/kit-novos-fios,
Dupla Retinol e Vitamina C  - Pele Sensível,Sallve,Rosto,Loja Sallve,,18acd134-bfb1-4396-9f94-7d3f38a98460,"R$ 119,90",https://www.sallve.com.br/products/dupla-retinol-e-vitamina-c-pele-sensivel,
Protetor Solar Stick Tonalizante FPS 80 - Ivory - 17g,Adcos,Tonalizante,Tonalizantes,"O número 1 em prescrições médicas. O Protetor Solar Stick FPS 80 oferece muita alta proteção contra a radiação UVB, UVA curto, UVA longo e UVA ultralongo e proteção contra luz visível, e infravermelho com uma cobertura perfeita e imediata das imperfeições. Hidrata profundamente, preenche rugas, reduz manchas e preserva o colágeno. Com textura que desliza sobre a pele e fácil de espalhar, não deixa a pele pegajosa e é muito resistente à água e suor.",9949d0b0-3237-4a14-9550-c0716db20de5,"R$ 175,00",https://www.lojaadcos.com.br/protetor-solar-stick-fps80/p?skuId=2000579,17g
Refil Protetor Solar Pó Compacto com Ácido Hialurônico FPS 50 - Refil Translúcido,Adcos,Protetor Solar,Proteção Solar,"Refil do Protetor Solar em Pó Compacto com Ácido Hialurônico. Feito com 100% de filtros minerais, tem alta proteção para a pele e gera menos resíduos ao planeta, com ação antienvelhecimento para peles normais, mistas e oleosas. Ideal para reaplicação ao longo do dia e 6 tonalidades que se adaptam à pele brasileira.",ebf5a595-16d1-4567-beef-eed30ff7bbb0,"R$ 179,00",https://www.lojaadcos.com.br/refil-protetor-solar-tonalizante-fps50-pocompacto-acido-hialuronico/p?skuId=2000780,
Hyalu 6 Aqua Face e Olhos - 17g,Adcos,Hidratação,Hidratação,"O 1° Ácido Hialurônico com textura Water Stick que preenche rugas, promove frescor imediato e hidrata profundamente a qualquer hora e em qualquer lugar. Com 4 tipos de AH + 2 bioestimuladores, ele auxilia no antienvelhecimento e proporciona firmeza e luminosidade para a pele.",dfd0c5c3-ebdc-4415-85da-f7a6cd5e1786,"R$ 269,00",https://www.lojaadcos.com.br/hyalu-aqua-stick/p?skuId=2001157,17g
Protetor Solar Aqua Fluid FPS 50 - Incolor 40ml,Adcos,Protetor Solar,Proteção Solar,"Prescrito por dermatologistas, o Protetor Solar Aqua Fluid FPS 50 é um protetor solar com alta proteção e controle da oleosidade e brilho por 12 horas. Além disso, previne o envelhecimento e protege o colágeno com textura fluida como a água, toque seco, imperceptível e cobertura natural sob a pele. Com ação antioleosidade e antiacne reduz a atividade das glândulas sebáceas previne a acne, reduz poros e controla o brilho excessivo.",720647a6-1a21-4df9-9b39-3a8f7d945ad3,"R$ 149,00",https://www.lojaadcos.com.br/protetor-solar-aquafluid-incolor/p?skuId=2000904,40ml
Cell Complex Área dos Olhos - Creme Concentrado Anti-Idade - 15g,Adcos,Anti-Idade,Anti-Idade,"O Cell Complex Área dos Olhos é um creme anti-idade ultraconcentrado para a delicada região dos olhos que reúne os princípios ativos tecnológicos, que ativam o metabolismo celular e a renovação das células-tronco adultas cutâneas. Sua fórmula com Fator de Crescimento (IGF) promove a recuperação da pele e ativa o metabolismo das células, aumentando a produção das fibras de colágeno e elastina, promovendo a firmeza e devolvendo o aspecto jovial à pele madura.",117873ad-62d8-4936-be03-64aef62e4f61,"R$ 299,00",https://www.lojaadcos.com.br/cell-complex-area-dos-olhos-15-g/p?skuId=2000052,15g
Acne Solution Sabonete Secativo - 90g,Adcos,Pele Acneica,Pele Acneica,"Sabonete antisséptico em barra que higieniza e promove uma esfoliação suave. Possui ação anti-inflamatória e antisseborreica, também afina a pele e evita novas lesões causadas pela acne. Ideal para a acne inflamatória, pois ajuda a minimizar as inflamações e proporciona potente ação secativa.",45fe6e3a-ec49-4490-a23c-7f50a12ed9a7,"R$ 89,00",https://www.lojaadcos.com.br/acne-solution-sabonete-secativo-90-g/p?skuId=2000030,90g
Oily Solution Hidratante FPS 20 - 50g,Adcos,Pele Oleosa,Pele Oleosa,"O Hidratante facial da linha Oily Solution controla a oleosidade enquanto protege contra os raios UVA e UVB. Estimula a renovação celular e uniformiza a textura e o relevo da pele, reduzindo as imperfeições comuns das peles oleosas. Contém, ainda, zinco e sílicas antibrilho que controlam a oleosidade por 8h e conferem efeito mate duradouro e imediato. Reduz a aparência dos poros dilatados e os mantém desobstruídos. Possui textura confortável e leve, livre de óleo e é rapidamente absorvido.",d9990448-0e11-450a-8ae4-c9cd14a2643f,"R$ 219,00",https://www.lojaadcos.com.br/oily-solution-hidratante-fps-20-50-g/p?skuId=2000024,50g
Protetor Solar Stick Ultraleve FPS 50 - 15g - Incolor,Adcos,Protetor Solar,Proteção Solar,"Protetor Solar Stick FPS 50 com toque e textura ultraleve que promove ação antioleosidade por 12 horas e redução de poros. Ideal para peles oleosas devido ao seu complexo antibrilho, esse protetor solar stick facial disfarça imperfeições, possui ação antioxidante, antiglicante, antipoluição, protege o DNA celular, tem alta proteção solar.",2d3b4a8c-985b-4d45-81aa-9a8b2d6e79ac,"R$ 175,00",https://www.lojaadcos.com.br/protetor-solar-stick-ultraleve-fps50/p?skuId=2000701,15g
Protetor Solar Stick Tonalizante FPS 55 - Ivory - 17g,Adcos,Tonalizante,Tonalizantes,"Recomendado por dermatologistas, o Filtro Solar Tonalizante FPS 55 Base Stick é um",97481147-b147-4e73-816a-12820bb3119a,"R$ 175,00",https://www.lojaadcos.com.br/filtro-tonalizante-base-stick-fps-55/p?skuId=2000263,17g
Neoderm Complex  Sabonete Glico-Ativo - 240ml,Adcos,Anti-Idade,Anti-Idade,"O Sabonete Glico-Ativo é um sabonete multifuncional com Ácido Glicólico em sua formulação que limpa profundamente, uniformiza a textura, ilumina a pele e previne a obstrução dos poros. Promove uma esfoliação química, prepara a pele para otimizar tratamentos e facilita a permeação de ativos.",8a696152-8caf-4ad7-a98b-c931e5103fa0,"R$ 179,00",https://www.lojaadcos.com.br/neoderm-complex-sabonete-glico-ativo-240-ml/p?skuId=2000025,240ml
Hyalu 6 Área dos Olhos - Creme Anti-Idade - 15g,Adcos,Anti-Idade,Anti-Idade,"O Hyalu 6 Área Olhos possui 4 tipos de Ácido Hialurônico e 2 Bioestimuladores em sua fórmula, que hidratam profundamente de dentro para fora com longa duração e garantem formas diferentes de estimular a produção de colágeno e ácido hialurônico. Esse anti-idade para a área dos olhos rejuvenesce, preenche rugas, reduz a flacidez.",0a1ebe59-cc05-4901-9c7f-0a7d027581be,"R$ 279,00",https://www.lojaadcos.com.br/hyalu-6-area-olhos/p?skuId=2000684,15g
Hyalu Water Gel - Anti-Idade - 50g,Adcos,Hidratação,Hidratação,"Hyalu Water Gel é um produto anti-idade feito para peles oleosas com 4 tipos de ácido hialurônico em sua fórmula, que promovem hidratação intensiva por 48h, tem toque imperceptível, preenche rugas e linhas, controla a oleosidade desde a primeira aplicação por 8h, reduz os poros e garante sensação de pele fresca.",d88cb281-bf6f-42e0-ac20-e3f146544bfe,"R$ 319,00",https://www.lojaadcos.com.br/hyalu-water-gel/p?skuId=2000668,50g
Acne Solution Fluido Ultra Secativo - Renovação Cutânea - 60ml,Adcos,Pele Acneica,Pele Acneica,"Com poderosa ação secativa cicatrizante, o Fluido Ultra Secativo promove renovação celular e melhora a textura da pele, controlando a oleosidade e desobstruindo os poros. É um tratamento noturno que reduz a inflamação acneica, protege o colágeno e previne o reaparecimento da acne, contribuindo para uma pele renovada e iluminada.",3b87dc97-cbe2-4cf9-8a3c-bc2dae05d11c,"R$ 179,00",https://www.lojaadcos.com.br/acne-solutio-fluido-ultra-secativo-60-ml/p?skuId=2000034,60ml
Collagen Filler Up - Creme Anti-idade - 50g,Adcos,Anti-Idade,Anti-Idade,"O Collagen Filler Up é um creme antienvelhecimento facial que recupera a firmeza e a sustentação da pele, hidrata e melhora os contornos faciais. Seus ativos estimulam, protegem, repõe e reparam o colágeno, sendo indicado para peles maduras e adultas.",cf1a9ff6-1935-41b2-9947-541528c1ccf2,"R$ 369,00",https://www.lojaadcos.com.br/collagen-filler-up/p?skuId=2000694,50g
Derma Complex Concentrado Vitamina C 20 - Anti-Idade - 30ml,Adcos,Anti-Idade,Anti-Idade,"O Concentrado Vitamina C 20 é o mais completo antioxidante facial. Com Vitamina C pura, ele estimula a produção de colágeno, reduz visivelmente as rugas, melhora a firmeza, protege contra os efeitos da poluição, da radiação UV. Tem ação clareadora, uniformiza o tom e aumenta a luminosidade da pele.",2eef9245-6321-4ee5-ba08-ecbd4a85ad28,"R$ 319,00",https://www.lojaadcos.com.br/derma-complex-concentrado-vitaminac-20/p?skuId=2000375,30ml
Peeling de Hortelã Iluminador - Esfoliante - 100g,Adcos,Renovação,Renovação,"O Peeling de Hortelã Iluminador é um gel-creme que promove esfoliação física intensa e segura em tratamentos antienvelhecimento, para revitalização e iluminação da pele. É um esfoliante que remove as células mortas, renova e afina a pele, além de potencializar a permeação de ativos e deixar a pele suave e macia.",4e4af9f0-11c7-4c07-86ae-d01108583100,"R$ 149,00",https://www.lojaadcos.com.br/clean-solution-peeling-de-hortela/p?skuId=2000480,100g
Protetor Solar Óleo Seco FPS 30 - Bio Bronze - 120ml,Adcos,Bronzeamento,Bronzeamento,"O Óleo Seco Bio Bronze FPS 30 é um protetor solar corporal desenvolvido para todos os tipos de pele. O produto cuida da saúde da pele durante a exposição solar, estimula o bronzeado natural enquanto protege contra os danos causados pelos raios solares, além de possuir ação antienvelhecimento. Com toque sedoso e rápida absorção, esse óleo corporal protege a pele da radiação solar, hidrata e ilumina, enquanto proporciona um bronzeado saudável e natural para todos os tipos de pele.",1ddc4ef0-67a1-4cf7-bc5c-ea83c2cdffbe,"R$ 169,00",https://www.lojaadcos.com.br/sun-care-oleo-seco-fps30/p?skuId=2000563,120ml
Óleo de Banho - 240ml,Adcos,Higienização,Higienização,"O Óleo de Banho limpa suavemente, removendo as impurezas sem ressecar ou agredir a pele, e proporciona hidratação e suavidade durante o banho. Desenvolvido com pH fisiológico e textura não pegajosa, o dermocosmético preserva a barreira cutânea, restaurando o microbioma e protegendo contra os danos da poluição e agressões externas. Ainda previne irritações decorrentes da pele seca, aumentando a resistência e restaurando a aparência saudável da pele.",b53d054a-4ab9-4204-9418-b517183ec091,"R$ 159,00",https://www.lojaadcos.com.br/oleo-de-banho/p?skuId=2000559,240ml
Derma Complex Loção Anti-Aging Corporal - 200ml,Adcos,Anti-idade,Anti-idade,"O Derma Complex Anti-aging Corporal é uma loção anti-idade para o corpo que possui Vitamina C e Ácido Hialurônico em sua fórmula. Ele melhora a elasticidade, a firmeza e a hidratação da pele. Além disso, ilumina, minimiza as agressões diárias, devolve vitalidade e radiância, promovendo uma sensação única de refrescância e sedosidade. O produto possui ação antioxidante, antiglicante, desglicante e anti-stress.",4fc17a61-630c-45f2-b283-303f29e5d468,"R$ 219,00",https://www.lojaadcos.com.br/derma-complex-antiaging-corporal/p?skuId=2000458,200ml
Reduxcel Crio Slim - Gel Redutor de Medidas e Celulite - Reduxcel Crio Slim - 240g,Adcos,Redução de Medidas e Celulite,Redução de Medidas e Celulite,"O Reduxcel Crio Slim é um gel redutor de medidas ideal para ser usado antes das atividades físicas por potencializar os resultados da queima de gordura do exercício. Sua fórmula contém ativos que resfriam a pele, auxiliando na redução de medidas, combate à celulite e reduz a gordura localizada com resultados comprovados após 21 dias de uso. Possui textura não oleosa e é rapidamente absorvido.",e4562b3e-652e-4c94-9ebe-f732a33532e4,"R$ 299,00",https://www.lojaadcos.com.br/reduxcel-crio-slim/p?skuId=2000306,240g
Reduxcel Anticelulite e Redutor - 200g,Adcos,Redução de Medidas e Celulite,Redução de Medidas e Celulite,"Creme corporal que possui potente ação redutora de medidas e da celulite, diminuindo o aspecto casca de laranja da pele. Formulado com cafeína pura, Pro Sirtuin e Neurocafein® que favorecem a quebra de gordura, o Reduxcel Anticelulite e Redutor possui alta eficácia na redução de celulite e medidas. Contém ainda um complexo drenante que melhora a microcirculação sanguínea, diminuindo o inchaço na região aplicada.",f37f6f2e-50c8-43e5-88a9-2b1068b03635,"R$ 299,00",https://www.lojaadcos.com.br/reduxcel-anticelulite-e-redutor/p?skuId=2000182,200g
Reduxcel Abdômen - Gel Creme Redutor - 150 g,Adcos,Redução de Medidas e Celulite,Redução de Medidas e Celulite,"O Reduxcel Abdômen é um creme corporal que reduz a gordura resistente da região abdominal. Contém 3% de cafeína pura, L-carnitina e Neurocafein® que atuam na quebra da gordura diminuindo medidas e remodelando a silhueta. Reduz o inchaço e o aspecto de casca de laranja característico da celulite.",9f3cc947-cf36-4d6c-b0f8-3c95d2e7ed9a,"R$ 309,00",https://www.lojaadcos.com.br/reduxcel-abdomen/p?skuId=2000181,150 g
Hidrat Soluntion Leite Corporal Hidratante e Nutritivo - 480ml,Adcos,Cuidados Diários,Cuidados Diários,"O Leite Hidratante e Nutritivo da linha Hidrat Solution é um creme que hidrata e ajuda a prevenir o ressecamento e o envelhecimento precoce, deixando a pele hidratada e macia, suave e delicadamente perfumada, com aspecto bonito e saudável. Ele devolve a água à pele, possui textura fina e suave ao toque. Esse hidratante corporal possui nutrição intensiva, regenera e protege a pele contra a ação dos radicais livres.",f10e76ce-ec4e-4838-bc6f-46214c0fd0dd,"R$ 179,00",https://www.lojaadcos.com.br/hidrat-solution-leite-hidratante-e-nutritivo/p?skuId=2000159,480ml
Óleo Seco de Algodão - Pós Banho - 120ml,Adcos,Relaxamento e Bem-Estar,Relaxamento e Bem-Estar,"Um óleo pós banho diferente de todos que você conhece, com finíssima textura, toque seco e acetinado, hidrata e nutre sem deixar a pele oleosa.",9e7ecdf6-ae5e-42a1-8429-445f44d3be7b,"R$ 209,00",https://www.lojaadcos.com.br/home-spa-oleo-seco-de-algodao-120-ml-/p?skuId=2000109,120ml
Golden Care Creme Anti-Aging Corporal - 240g,Adcos,Cuidados Especiais,Cuidados Especiais,"O Creme Anti-Aging Corporal Golden Care é um hidratante que promove nutrição intensiva para pele secas e maduras. Sua fórmula possui princípios ativos que previnem e minimizam a perda de elasticidade, tônus e hidratação, garantindo uma pele uniforme, hidratada e revitalizada. É indicado para mulheres pós-menopausa.",bdc73aec-d4d0-49ad-b917-4d2dc995326c,"R$ 289,00",https://www.lojaadcos.com.br/creme-revitalizante-corporal-golden-care-240-g/p?skuId=2000062,240g
Desodorante Spray - Antitranspirante - 120ml,Adcos,Desodorante,Desodorante,"O Desodorante Spray é antitranspirante e antisséptico, sem álcool em sua composição e sem perfume. Diminui a transpiração excessiva e a proliferação bacteriana responsável pelo odor desagradável. Possui ação bactericida.",f51e6e48-d370-4a69-b0d1-89580c52eef3,"R$ 139,00",https://www.lojaadcos.com.br/desodorante-spray-140-ml/p?skuId=2000038,120ml
Elastcream - Creme para Estrias - 200g,Adcos,Cuidados Especiais,Cuidados Especiais,"O Elastcream é um creme para estrias que hidrata, nutre e promove aumento da elasticidade da pele, prevenindo o surgimento de estrias. Tem rápida absorção, não deixa resíduos de oleosidade e fortalece as fibras, servindo para prevenção e tratamento para estrias.",04b16465-1331-42b0-a263-40ae637e3695,"R$ 269,00",https://www.lojaadcos.com.br/creme-para-o-corpo-elastcream-240-g/p?skuId=2000035,200g
Hair Solution Condicionador Nutri Ativo - Restauração - 300ml,Adcos,Restauração,Restauração,"O Hair Solution Condicionador Nutri Ativo foi criado para tratar cabelos desvitalizados, quebradiços, danificados por agentes naturais e químicos. Ele garante hidratação e nutrição intensiva dos fios, recuperando cabelos ressecados e/ou danificados.",9468cfb6-b44b-4072-8f34-0ab591a7f4e5,"R$ 189,00",https://www.lojaadcos.com.br/hair-solution-condicionador-nutri-ativo-300-ml/p?skuId=2000048,300ml
Hair Solution Shampoo Nutri Ativo - Restauração - 300ml,Adcos,Restauração,Restauração,"O Hair Solution Shampoo Nutri Ativo foi criado para nutrição intensiva e reestruturação capilar, com ação antiquebra e pró-elasticidade dos fios. Esse shampoo nutritivo promove força aos cabelos, devolve o brilho, maciez e hidrata os fios, protegendo das agressões externas. Ele repõe a hidratação através de 8 aminoácidos hidratantes e atua limpando profundamente sem ressecar, melhora a flexibilidade e a resistência dos fios, além de não conter sal, álcool e ser dermatologicamente testado.",443fd53f-2782-4a6f-aa3d-5c7342a39e67,"R$ 179,00",https://www.lojaadcos.com.br/hair-solution-shampoo-nutri-ativo-300-ml/p?skuId=2000047,300ml
Hair Solution Shampoo Fito Ativo - Fortificante - 300ml,Adcos,Antiqueda,Antiqueda,"O Hair Solution Shampoo Fito Ativo possui ação antiqueda, fortalece e dá brilho, com nutrientes essenciais para os cabelos crescerem fortes e saudáveis. Esse shampoo antiqueda estimula o crescimento dos fios, possui ação antiquebra e pró-elasticidade, que dá força e resistência aos cabelos.  Limpa profundamente sem ressecar, previne a queda dos cabelos através da ação estimulante e revitalizante do bulbo capilar.",ded93ad3-057f-42dd-8f26-5a364de9c54a,"R$ 199,00",https://www.lojaadcos.com.br/hair-solution-shampoo-fito-ativo-hair-solution-300-ml/p?skuId=2000046,300ml
Hair Solution Loção Fortificante Fito Ativa - Auxiliar Antiqueda - 120ml,Adcos,Antiqueda,Antiqueda,"O Hair Solution Loção Fito Ativa é um concentrado em spray com nutrientes essenciais para o cabelo crescer forte e saudável. Ele possui ação antioxidante, ajuda no crescimento dos fios, auxilia na prevenção da queda e fortalece os cabelos. Sua textura é leve e de rápida absorção, que não deixa resíduos, além disso, o produto possui ceramidas, que mantêm os fios macios e brilhantes.",f2c97751-59c0-4d11-a5c5-8a6752054622,"R$ 169,00",https://www.lojaadcos.com.br/hair-solution-locao-fito-ativa-antiqueda-120-ml/p?skuId=2000045,120ml
Hair Solution Shampoo Bio Ativo - Anticaspa - 300ml,Adcos,Anticaspa,Anticaspa,"O Hair Solution Shampoo Bio Ativo combate a caspa e limpa profundamente a região, com ação antisséptica, purificante e normalizadora da função sebácea. Ele reduz a coceira e a descamação do couro cabeludo, limpa profundamente sem ressecar e não agride o cabelo e nem o couro cabeludo. Ele favorece a eliminação da caspa visivelmente e restaura o equilíbrio fisiológico do couro cabeludo.",519e1d5a-bc37-484c-887a-f1371020246a,"R$ 179,00",https://www.lojaadcos.com.br/hair-solution-shampoo-bio-ativo-300-ml/p?skuId=2000044,300ml
